{
  "train": {
    "accuracy": 0.8149611398963731,
    "roc_auc": 0.8965302927595373
  },
  "val": {
    "accuracy": 0.8035660320338471,
    "roc_auc": 0.8861008924624731
  },
  "test": {
    "accuracy": 0.8068902991840435,
    "roc_auc": 0.8881071977847349
  },
  "excluded": {
    "accuracy": 0.8124449098208278,
    "roc_auc": 0.5
  }
}