{
  "train": {
    "accuracy": 0.8139248704663212,
    "roc_auc": 0.8951931427689335
  },
  "val": {
    "accuracy": 0.8059836808703535,
    "roc_auc": 0.8921526965524668
  },
  "test": {
    "accuracy": 0.8082502266545785,
    "roc_auc": 0.8878272518122091
  },
  "excluded": {
    "accuracy": 0.8121064439404382,
    "roc_auc": 0.5
  }
}