{
  "test": {
    "accuracy": 0.8025838621940163,
    "roc_auc": 0.8828339671989931
  },
  "train": {
    "accuracy": 0.8134715025906736,
    "roc_auc": 0.8958955357861956
  },
  "val": {
    "accuracy": 0.8041704442429737,
    "roc_auc": 0.8863332426441034
  },
  "excluded": {
    "accuracy": 0.8183634612277619,
    "roc_auc": 0.5
  }
}